{
  "source_model": "mlx-community/Qwen2.5-1.5B-bf16",
  "target_model": "mlx-community/Qwen2.5-1.5B-Instruct-bf16",
  "best_layer": 27,
  "d_model": 1536,
  "best_layer_singular_values": [
    0.2871570885181427,
    0.2374444156885147,
    0.21416975557804108,
    0.12781184911727905,
    0.11084823310375214,
    0.09943676739931107,
    0.09692160785198212,
    0.09542012959718704,
    0.09278273582458496,
    0.0863037258386612
  ],
  "explained_variance_per_layer": [
    0.05043605247678031,
    0.048652788973893094,
    0.04070694384958458,
    0.04083761351269397,
    0.04385783560884666,
    0.04553788393365438,
    0.042865648517145534,
    0.04336359871186682,
    0.0431013877761652,
    0.04462390187399474,
    0.050244874341626576,
    0.05094051458541569,
    0.04650242931531107,
    0.0466920297579526,
    0.04721517724147075,
    0.054994987467095094,
    0.061599710632027044,
    0.056224955094287044,
    0.04866608505540387,
    0.04454804948596317,
    0.037126214206652686,
    0.036848962116193165,
    0.04006266712496763,
    0.048256291183360146,
    0.04704459505872948,
    0.0697985659081565,
    0.08019904900698521,
    0.12995173289569492
  ],
  "per_layer_singular_values": [
    [
      0.12661093473434448,
      0.11133123934268951,
      0.0899776890873909,
      0.0876045897603035,
      0.0861484482884407,
      0.08025523275136948,
      0.07864902913570404,
      0.07560969144105911,
      0.07213057577610016,
      0.0705292820930481
    ],
    [
      0.1109943613409996,
      0.10949267446994781,
      0.09932968020439148,
      0.08596634119749069,
      0.08322111517190933,
      0.07992934435606003,
      0.07964787632226944,
      0.07807013392448425,
      0.07581453770399094,
      0.07511591911315918
    ],
    [
      0.10646933317184448,
      0.08897558599710464,
      0.08783666044473648,
      0.08613395690917969,
      0.08206363022327423,
      0.0797736719250679,
      0.07639629393815994,
      0.07419086992740631,
      0.07083888351917267,
      0.0706864669919014
    ],
    [
      0.10382769256830215,
      0.09326215088367462,
      0.08543867617845535,
      0.08270163089036942,
      0.08192503452301025,
      0.0802004262804985,
      0.07715096324682236,
      0.07658335566520691,
      0.07366767525672913,
      0.07165804505348206
    ],
    [
      0.10675135999917984,
      0.09748347848653793,
      0.09176244586706161,
      0.09063687920570374,
      0.08616448938846588,
      0.08475841581821442,
      0.0803157314658165,
      0.07672198116779327,
      0.07486574351787567,
      0.07439292967319489
    ],
    [
      0.113024041056633,
      0.10167677700519562,
      0.09424400329589844,
      0.08894605934619904,
      0.08687995374202728,
      0.0829506665468216,
      0.08048520237207413,
      0.07762552797794342,
      0.07443498820066452,
      0.0725535973906517
    ],
    [
      0.10604983568191528,
      0.09678864479064941,
      0.09078388661146164,
      0.08909669518470764,
      0.0836704671382904,
      0.08263830095529556,
      0.08071181178092957,
      0.07865159213542938,
      0.0767175480723381,
      0.0749516636133194
    ],
    [
      0.10907736420631409,
      0.0920749381184578,
      0.09077002853155136,
      0.08799456804990768,
      0.08413766324520111,
      0.0827203020453453,
      0.08037528395652771,
      0.0786835327744484,
      0.07663039118051529,
      0.0754852294921875
    ],
    [
      0.11727885156869888,
      0.09298514574766159,
      0.09066567569971085,
      0.08639732748270035,
      0.08352532237768173,
      0.08131764829158783,
      0.07905064523220062,
      0.07874248176813126,
      0.07638555020093918,
      0.0755399689078331
    ],
    [
      0.10907755047082901,
      0.1018834188580513,
      0.09630833566188812,
      0.09372236579656601,
      0.0885137990117073,
      0.08675643056631088,
      0.08230705559253693,
      0.08005918562412262,
      0.07807686924934387,
      0.07749421149492264
    ],
    [
      0.11632455140352249,
      0.11408153176307678,
      0.10653035342693329,
      0.09898350387811661,
      0.09257525205612183,
      0.08752778172492981,
      0.08672226220369339,
      0.08578361570835114,
      0.08281271904706955,
      0.08137298375368118
    ],
    [
      0.11773059517145157,
      0.11241674423217773,
      0.10126382112503052,
      0.09679234027862549,
      0.09506839513778687,
      0.0916631892323494,
      0.09092466533184052,
      0.08754298835992813,
      0.08549932390451431,
      0.08473052829504013
    ],
    [
      0.11054135859012604,
      0.10573501884937286,
      0.09762103110551834,
      0.09440849721431732,
      0.09238836169242859,
      0.08932576328516006,
      0.0863184928894043,
      0.08613044023513794,
      0.08324263244867325,
      0.08212646096944809
    ],
    [
      0.11252214759588242,
      0.1061226949095726,
      0.1012851744890213,
      0.09744671732187271,
      0.08929911255836487,
      0.08665890246629715,
      0.08648810535669327,
      0.08463753759860992,
      0.08399799466133118,
      0.08316424489021301
    ],
    [
      0.11607275158166885,
      0.10827317088842392,
      0.10434167832136154,
      0.09748677164316177,
      0.09455347061157227,
      0.09135521203279495,
      0.09001177549362183,
      0.08716912567615509,
      0.0864865630865097,
      0.08477208763360977
    ],
    [
      0.12129824608564377,
      0.11640693247318268,
      0.11374803632497787,
      0.11184711009263992,
      0.10454292595386505,
      0.09841909259557724,
      0.0972825437784195,
      0.09322246164083481,
      0.09076907485723495,
      0.08960835635662079
    ],
    [
      0.14442558586597443,
      0.13377134501934052,
      0.12358567863702774,
      0.11890720576047897,
      0.11634470522403717,
      0.10287848114967346,
      0.0983290821313858,
      0.09668241441249847,
      0.09373844414949417,
      0.09286583960056305
    ],
    [
      0.14096389710903168,
      0.12762276828289032,
      0.12417571991682053,
      0.11627566069364548,
      0.10158447176218033,
      0.09946878254413605,
      0.09557012468576431,
      0.09406082332134247,
      0.09192802757024765,
      0.0897783562541008
    ],
    [
      0.12401947379112244,
      0.11734875291585922,
      0.10673694312572479,
      0.10307800769805908,
      0.09800118952989578,
      0.09450758993625641,
      0.09243392199277878,
      0.08979927003383636,
      0.08881314098834991,
      0.08722419291734695
    ],
    [
      0.12660007178783417,
      0.11294183135032654,
      0.10134447365999222,
      0.0954381451010704,
      0.09285954385995865,
      0.08912314474582672,
      0.08873692154884338,
      0.08691113442182541,
      0.08628109842538834,
      0.08381091803312302
    ],
    [
      0.11038628220558167,
      0.10102248191833496,
      0.09622339904308319,
      0.08870595693588257,
      0.08758093416690826,
      0.08513019979000092,
      0.08390529453754425,
      0.08227492868900299,
      0.08019622415304184,
      0.07895555347204208
    ],
    [
      0.12120281904935837,
      0.09581798315048218,
      0.09349200129508972,
      0.090370774269104,
      0.08537039160728455,
      0.08264227211475372,
      0.08080840110778809,
      0.08007465302944183,
      0.07845030725002289,
      0.07782779633998871
    ],
    [
      0.12581317126750946,
      0.10465221852064133,
      0.09486792981624603,
      0.08781484514474869,
      0.08693406730890274,
      0.08584480732679367,
      0.08465106040239334,
      0.08197814971208572,
      0.08092212677001953,
      0.07863631844520569
    ],
    [
      0.15391498804092407,
      0.1343965381383896,
      0.10729235410690308,
      0.09284275025129318,
      0.09053821861743927,
      0.08435172587633133,
      0.08088495582342148,
      0.07928714901208878,
      0.07832521945238113,
      0.07609950751066208
    ],
    [
      0.16726890206336975,
