{
  "source_model": "mlx-community/Qwen2.5-1.5B-bf16",
  "target_model": "mlx-community/Qwen2.5-1.5B-Instruct-bf16",
  "best_layer": 27,
  "d_model": 1536,
  "best_layer_singular_values": [
    0.2871570885181427,
    0.2374444156885147,
    0.21416975557804108,
    0.12781184911727905,
    0.11084823310375214,
    0.09943676739931107,
    0.09692160785198212,
    0.09542012959718704,
    0.09278273582458496,
    0.0863037258386612,
    0.08546246588230133,
    0.08344776928424835,
    0.08280376344919205,
    0.08099760115146637,
    0.08036689460277557,
    0.07979310303926468,
    0.07589595019817352,
    0.07545486837625504,
    0.07518310844898224,
    0.0751243531703949
  ],
  "explained_variance_per_layer": [
    0.0765813463599313,
    0.07854225762039788,
    0.0661400968724702,
    0.06504588739937683,
    0.07063827939949123,
    0.07209396188790307,
    0.07076266090778173,
    0.07122989386085038,
    0.07068931711816383,
    0.07407875539996635,
    0.08105203266729724,
    0.08398894997657123,
    0.07741922587062952,
    0.0779444287632197,
    0.0782065466562494,
    0.08899524487876154,
    0.09702031741646423,
    0.08972506418684556,
    0.08048166373523202,
    0.07256032356414889,
    0.06337100448841548,
    0.06220660192357204,
    0.06580207530714866,
    0.07130885343258998,
    0.06998677049948906,
    0.09501448899903911,
    0.10341773258483057,
    0.1618429901624607
  ],
  "per_layer_singular_values": [
    [
      0.12661093473434448,
      0.11133123934268951,
      0.0899776890873909,
      0.0876045897603035,
      0.0861484482884407,
      0.08025523275136948,
      0.07864902913570404,
      0.07560969144105911,
      0.07213057577610016,
      0.0705292820930481,
      0.0686381533741951,
      0.06771691143512726,
      0.06608112156391144,
      0.0656481608748436,
      0.0647670105099678,
      0.06342794001102448,
      0.06301222741603851,
      0.06261592358350754,
      0.06116978079080582,
      0.06097615882754326
    ],
    [
      0.1109943613409996,
      0.10949267446994781,
      0.09932968020439148,
      0.08596634119749069,
      0.08322111517190933,
      0.07992934435606003,
      0.07964787632226944,
      0.07807013392448425,
      0.07581453770399094,
      0.07511591911315918,
      0.07431607693433762,
      0.07218411564826965,
      0.0717063769698143,
      0.07053928822278976,
      0.0698762834072113,
      0.0688970759510994,
      0.06874268501996994,
      0.0677570253610611,
      0.06616893410682678,
      0.06464126706123352
    ],
    [
      0.10646933317184448,
      0.08897558599710464,
      0.08783666044473648,
      0.08613395690917969,
      0.08206363022327423,
      0.0797736719250679,
      0.07639629393815994,
      0.07419086992740631,
      0.07083888351917267,
      0.0706864669919014,
      0.06926201283931732,
      0.06826123595237732,
      0.06692702323198318,
      0.06632675975561142,
      0.06559710949659348,
      0.06551673263311386,
      0.06415063887834549,
      0.06402511149644852,
      0.0627749040722847,
      0.06264691054821014
    ],
    [
      0.10382769256830215,
      0.09326215088367462,
      0.08543867617845535,
      0.08270163089036942,
      0.08192503452301025,
      0.0802004262804985,
      0.07715096324682236,
      0.07658335566520691,
      0.07366767525672913,
      0.07165804505348206,
      0.06911167502403259,
      0.0672275573015213,
      0.06620734930038452,
      0.06460238993167877,
      0.06340280175209045,
      0.06323559582233429,
      0.062598317861557,
      0.06144605576992035,
      0.060944851487874985,
      0.060876477509737015
    ],
    [
      0.10675135999917984,
      0.09748347848653793,
      0.09176244586706161,
      0.09063687920570374,
      0.08616448938846588,
      0.08475841581821442,
      0.0803157314658165,
      0.07672198116779327,
      0.07486574351787567,
      0.07439292967319489,
      0.07357633858919144,
      0.07138537615537643,
      0.07136263698339462,
      0.06959832459688187,
      0.06842446327209473,
      0.06663773208856583,
      0.06599599868059158,
      0.06428569555282593,
      0.06378097832202911,
      0.06363707780838013
    ],
    [
      0.113024041056633,
      0.10167677700519562,
      0.09424400329589844,
      0.08894605934619904,
      0.08687995374202728,
      0.0829506665468216,
      0.08048520237207413,
      0.07762552797794342,
      0.07443498820066452,
      0.0725535973906517,
      0.07102391868829727,
      0.07003315538167953,
      0.06880107522010803,
      0.0678674504160881,
      0.06735097616910934,
      0.06686943024396896,
      0.06633385270833969,
      0.06493478268384933,
      0.06470847129821777,
      0.06464123725891113
    ],
    [
      0.10604983568191528,
      0.09678864479064941,
      0.09078388661146164,
      0.08909669518470764,
      0.0836704671382904,
      0.08263830095529556,
      0.08071181178092957,
      0.07865159213542938,
      0.0767175480723381,
      0.0749516636133194,
      0.07341431826353073,
      0.07268604636192322,
      0.0716501846909523,
      0.07142267376184464,
      0.07089930772781372,
      0.07019820064306259,
      0.0678228884935379,
      0.06655139476060867,
      0.06644710898399353,
      0.06626949459314346
    ],
    [
      0.10907736420631409,
      0.0920749381184578,
      0.09077002853155136,
      0.08799456804990768,
      0.08413766324520111,
      0.0827203020453453,
      0.08037528395652771,
      0.0786835327744484,
      0.07663039118051529,
      0.0754852294921875,
      0.07387523353099823,
      0.07247516512870789,
      0.07108215242624283,
      0.0702769085764885,
      0.06991983205080032,
      0.06959303468465805,
      0.06737594306468964,
      0.06616824120283127,
      0.06540975719690323,
      0.0651618093252182
    ],
    [
      0.11727885156869888,
      0.09298514574766159,
      0.09066567569971085,
      0.08639732748270035,
      0.08352532237768173,
      0.08131764829158783,
      0.07905064523220062,
      0.07874248176813126,
      0.07638555020093918,
      0.0755399689078331,
      0.07245302945375443,
      0.07185796648263931,
      0.07137659937143326,
      0.07008761167526245,
      0.06954910606145859,
      0.0693361684679985,
      0.06885690242052078,
      0.06812471151351929,
      0.06716115772724152,
      0.0668838620185852
    ],
    [
      0.10907755047082901,
      0.1018834188580513,
      0.09630833566188812,
      0.09372236579656601,
      0.0885137990117073,
      0.08675643056631088,
      0.08230705559253693,
      0.08005918562412262,
      0.07807686924934387,
      0.07749421149492264,
      0.07705511152744293,
      0.07543528079986572,
      0.07444703578948975,
      0.07431169599294662,
      0.07310768961906433,
      0.07281535118818283,
      0.07165925949811935,
      0.07108717411756516,
      0.07076369225978851,
      0.07014055550098419
    ],
    [
      0.11632455140352249,
      0.11408153176307678,
      0.10653035342693329,
      0.09898350387811661,
      0.09257525205612183,
      0.08752778172492981,
      0.08672226220369339,
      0.08578361570835114,
      0.08281271904706955,
      0.08137298375368118,
      0.07878202944993973,
      0.07807605713605881,
      0.07642984390258789,
      0.0763993039727211,
      0.07580766826868057,
      0.07477269321680069,
      0.07403966784477234,
      0.07320930808782578,
      0.0725838840007782,
      0.07179006934165955
    ],
    [
      0.11773059517145157,
      0.11241674423217773,
      0.10126382112503052,
      0.09679234027862549,
      0.09506839513778687,
      0.0916631892323494,
      0.09092466533184052,
      0.08754298835992813,
      0.08549932390451431,
      0.08473052829504013,
      0.08343564718961716,
      0.08212073892354965,
      0.08115211874246597,
      0.07831693440675735,
      0.07813795655965805,
      0.07749737799167633,
      0.0757226049900055,
      0.07469894737005234,
