{
  "source_model": "mlx-community/Qwen2.5-1.5B-bf16",
  "target_model": "mlx-community/DeepSeek-R1-Distill-Qwen-1.5B-bf16",
  "best_layer": 27,
  "d_model": 1536,
  "best_layer_singular_values": [
    18.746673583984375,
    12.512913703918457,
    9.273865699768066,
    8.901849746704102,
    8.62208366394043,
    8.57343864440918,
    8.2175931930542,
    7.847315788269043,
    7.710803031921387,
    7.575806617736816
  ],
  "explained_variance_per_layer": [
    0.01811854423711634,
    0.029868240724919223,
    0.01692175712177666,
    0.013902353106119108,
    0.0160548163594017,
    0.015925551620060912,
    0.01572858445808261,
    0.015130608199078407,
    0.015496194680058353,
    0.01735605187670935,
    0.01753153484158346,
    0.01739510224078829,
    0.018190573893991757,
    0.018789579925925348,
    0.022752130268897497,
    0.018671027794790306,
    0.01901611290693743,
    0.017808029484848806,
    0.017485274111884413,
    0.015570230024863822,
    0.013946280579053534,
    0.013497812199193366,
    0.013392192447325446,
    0.01258279134768342,
    0.014410607000519642,
    0.01784308499116971,
    0.013429996088658752,
    0.03208566817171845
  ],
  "per_layer_singular_values": [
    [
      9.095500946044922,
      8.425037384033203,
      8.021940231323242,
      7.277381420135498,
      7.1134772300720215,
      6.999958515167236,
      6.956427097320557,
      6.7780375480651855,
      6.731536388397217,
      6.699862957000732
    ],
    [
      14.966668128967285,
      14.344117164611816,
      9.51117992401123,
      9.429248809814453,
      8.598230361938477,
      8.091261863708496,
      7.847931861877441,
      7.7273430824279785,
      7.533475399017334,
      7.475404262542725
    ],
    [
      9.082746505737305,
      8.530517578125,
      7.40769100189209,
      7.191123008728027,
      6.7448577880859375,
      6.616518020629883,
      6.586427211761475,
      6.532040119171143,
      6.4177727699279785,
      6.251605033874512
    ],
    [
      7.471013069152832,
      7.037285804748535,
      6.947498798370361,
      6.462493419647217,
      6.328726291656494,
      6.212602615356445,
      6.005857944488525,
      5.974481582641602,
      5.965139389038086,
      5.935186386108398
    ],
    [
      8.461755752563477,
      7.166684150695801,
      6.983867645263672,
      6.933238983154297,
      6.743600368499756,
      6.688145637512207,
      6.574586391448975,
      6.518357753753662,
      6.508013725280762,
      6.4747514724731445
    ],
    [
      8.358991622924805,
      7.859726905822754,
      7.300948143005371,
      7.149057865142822,
      6.820636749267578,
      6.616601467132568,
      6.481265068054199,
      6.368766784667969,
      6.311126232147217,
      6.287348747253418
    ],
    [
      8.825057983398438,
      7.611204147338867,
      7.046057224273682,
      6.758810997009277,
      6.576596736907959,
      6.489234447479248,
      6.473415851593018,
      6.3141326904296875,
      6.281857490539551,
      6.243973731994629
    ],
    [
      8.203972816467285,
      7.58986234664917,
      6.958835124969482,
      6.688320636749268,
      6.560327529907227,
      6.4864091873168945,
      6.428097248077393,
      6.335955619812012,
      6.220080852508545,
      6.216203212738037
    ],
    [
      9.209980964660645,
      7.330044269561768,
      7.014892101287842,
      6.7809672355651855,
      6.26946496963501,
      6.2112135887146,
      6.15773344039917,
      6.045945167541504,
      6.029111862182617,
      6.020980358123779
    ],
    [
      10.863121032714844,
      7.563715934753418,
      6.948785781860352,
      6.6320013999938965,
      6.47104549407959,
      6.4285430908203125,
      6.3990397453308105,
      6.345283031463623,
      6.281482696533203,
      6.27617883682251
    ],
    [
      11.22658920288086,
      7.214819431304932,
      6.836361885070801,
      6.5060882568359375,
      6.405385494232178,
      6.354590892791748,
      6.343374252319336,
      6.308011054992676,
      6.256941795349121,
      6.2450079917907715
    ],
    [
      10.645381927490234,
      7.071120738983154,
      6.6090874671936035,
      6.43010139465332,
      6.428265571594238,
      6.362464427947998,
      6.3378682136535645,
      6.201315402984619,
      6.1861653327941895,
      6.154122352600098
    ],
    [
      10.128308296203613,
      8.178133010864258,
      6.797341346740723,
      6.675723552703857,
      6.437119483947754,
      6.4118852615356445,
      6.306230068206787,
      6.281985282897949,
      6.195340633392334,
      6.155663967132568
    ],
    [
      10.169788360595703,
      8.328213691711426,
      7.46679162979126,
      6.716093063354492,
      6.650123596191406,
      6.530857563018799,
      6.371163368225098,
      6.336956024169922,
      6.289158821105957,
      6.252151012420654
    ],
    [
      11.006684303283691,
      9.816332817077637,
      8.414849281311035,
      7.4309844970703125,
      7.218996524810791,
      7.031525611877441,
      6.761821269989014,
      6.634698390960693,
      6.622056484222412,
      6.563149452209473
    ],
    [
      11.459834098815918,
      8.058343887329102,
      7.04219388961792,
      6.755058765411377,
      6.522427082061768,
      6.417656421661377,
      6.394836902618408,
      6.327272415161133,
      6.2181172370910645,
      6.189428329467773
    ],
    [
      9.94090461730957,
      7.927879333496094,
      7.256900787353516,
      7.177315711975098,
      6.893030166625977,
      6.844087600708008,
      6.537115097045898,
      6.507678985595703,
      6.407809734344482,
      6.34220552444458
    ],
    [
      9.005508422851562,
      7.612857341766357,
      7.3763041496276855,
      7.347372055053711,
      6.924637794494629,
      6.731448650360107,
      6.554077625274658,
      6.51453971862793,
      6.450536251068115,
      6.369264602661133
    ],
    [
      8.633548736572266,
      8.118163108825684,
      7.054154396057129,
      6.912205696105957,
      6.590768337249756,
      6.538778305053711,
      6.4566264152526855,
      6.421240329742432,
      6.396481037139893,
      6.342136383056641
    ],
    [
      9.172144889831543,
      6.981754302978516,
      6.766478061676025,
      6.451403617858887,
      6.408875942230225,
      6.293894290924072,
      6.260250568389893,
      6.1937031745910645,
      6.187856674194336,
      6.158503532409668
    ],
    [
      7.7067999839782715,
      6.716164588928223,
      6.652405738830566,
      6.617401123046875,
      6.536361217498779,
      6.481610298156738,
      6.430629253387451,
      6.4102783203125,
      6.36712121963501,
      6.344515800476074
    ],
    [
      7.7818403244018555,
      6.731375217437744,
      6.625774383544922,
      6.492836952209473,
      6.410077095031738,
      6.375106334686279,
      6.363769054412842,
      6.331610679626465,
      6.289966106414795,
      6.267776012420654
    ],
    [
      7.7005743980407715,
      7.01911735534668,
      6.787227153778076,
      6.570992946624756,
      6.30180025100708,
      6.237456798553467,
      6.217524528503418,
      6.178412437438965,
      6.164611339569092,
      6.1432013511657715
    ],
    [
      7.42198371887207,
      6.82019567489624,
      6.650708198547363,
      6.615126132965088,
      6.560089111328125,
      6.473492622375488,
      6.392593860626221,
      6.369336128234863,
      6.337306976318359,
      6.310120105743408
    ],
    [
      7.63719367980957,
      7.4383039474487305,
      7.32431173324585,
      7.246676445007324,
      7.2056779861450195,
      7.120839595794678,
      7.0226240158081055,
      6.99082088470459,
      6.9620161056518555,
      6.912485599517822
    ],
    [
      8.737825393676758,
      8.599530220031738,
      8.42013168334961,
      8.376618385314941,
      8.192737579345703,
      8.109329223632812,
      8.091341018676758,
      7.904609680175781,
