{
  "source_model": "mlx-community/Qwen2.5-1.5B-bf16",
  "target_model": "mlx-community/DeepSeek-R1-Distill-Qwen-1.5B-bf16",
  "best_layer": 27,
  "d_model": 1536,
  "best_layer_singular_values": [
    18.746673583984375,
    12.512913703918457,
    9.273865699768066,
    8.901849746704102,
    8.62208366394043,
    8.57343864440918,
    8.2175931930542,
    7.847315788269043,
    7.710803031921387,
    7.575806617736816,
    7.498312473297119,
    7.25980806350708,
    7.197091102600098,
    7.129201412200928,
    7.006481170654297,
    6.959840297698975,
    6.898838043212891,
    6.861191749572754,
    6.8502960205078125,
    6.812624931335449
  ],
  "explained_variance_per_layer": [
    0.03169842864038219,
    0.04477178045116897,
    0.02897845420392511,
    0.025292364358304256,
    0.02921250400964094,
    0.02830058737647386,
    0.028024346969405468,
    0.02709993274011883,
    0.027395131207113035,
    0.03012639198615187,
    0.03053871725351724,
    0.03027790189977284,
    0.031364880546543794,
    0.032272671168932926,
    0.037284294082526495,
    0.031604601084583114,
    0.03281231321896909,
    0.03131058474692053,
    0.031003914334270088,
    0.027875450744477257,
    0.026296585893796718,
    0.025373610447188368,
    0.024820390106719877,
    0.023800568751660305,
    0.026833433552016745,
    0.03025586408228578,
    0.02440597050946069,
    0.047032814454198234
  ],
  "per_layer_singular_values": [
    [
      9.095500946044922,
      8.425037384033203,
      8.021940231323242,
      7.277381420135498,
      7.1134772300720215,
      6.999958515167236,
      6.956427097320557,
      6.7780375480651855,
      6.731536388397217,
      6.699862957000732,
      6.670450210571289,
      6.59746789932251,
      6.588738441467285,
      6.5120415687561035,
      6.443851947784424,
      6.416366100311279,
      6.39729642868042,
      6.315001964569092,
      6.293851375579834,
      6.256345272064209
    ],
    [
      14.966668128967285,
      14.344117164611816,
      9.51117992401123,
      9.429248809814453,
      8.598230361938477,
      8.091261863708496,
      7.847931861877441,
      7.7273430824279785,
      7.533475399017334,
      7.475404262542725,
      7.240037441253662,
      7.162225723266602,
      7.12929105758667,
      7.053908348083496,
      7.045862674713135,
      6.967155933380127,
      6.944730758666992,
      6.871194362640381,
      6.803463935852051,
      6.783097267150879
    ],
    [
      9.082746505737305,
      8.530517578125,
      7.40769100189209,
      7.191123008728027,
      6.7448577880859375,
      6.616518020629883,
      6.586427211761475,
      6.532040119171143,
      6.4177727699279785,
      6.251605033874512,
      6.2318644523620605,
      6.187841892242432,
      6.154286861419678,
      6.10795259475708,
      6.076390266418457,
      6.057637691497803,
      6.021787166595459,
      5.992120742797852,
      5.95252799987793,
      5.928806304931641
    ],
    [
      7.471013069152832,
      7.037285804748535,
      6.947498798370361,
      6.462493419647217,
      6.328726291656494,
      6.212602615356445,
      6.005857944488525,
      5.974481582641602,
      5.965139389038086,
      5.935186386108398,
      5.913467884063721,
      5.885227680206299,
      5.874495029449463,
      5.859038829803467,
      5.848156929016113,
      5.83226203918457,
      5.814877033233643,
      5.812192916870117,
      5.793216705322266,
      5.7874956130981445
    ],
    [
      8.461755752563477,
      7.166684150695801,
      6.983867645263672,
      6.933238983154297,
      6.743600368499756,
      6.688145637512207,
      6.574586391448975,
      6.518357753753662,
      6.508013725280762,
      6.4747514724731445,
      6.419515132904053,
      6.372668743133545,
      6.355506420135498,
      6.311257839202881,
      6.280584335327148,
      6.240190029144287,
      6.21718168258667,
      6.201886177062988,
      6.1698222160339355,
      6.145927906036377
    ],
    [
      8.358991622924805,
      7.859726905822754,
      7.300948143005371,
      7.149057865142822,
      6.820636749267578,
      6.616601467132568,
      6.481265068054199,
      6.368766784667969,
      6.311126232147217,
      6.287348747253418,
      6.2747979164123535,
      6.248769283294678,
      6.244091987609863,
      6.179067611694336,
      6.168878078460693,
      6.128964424133301,
      6.128521919250488,
      6.0857648849487305,
      6.068667888641357,
      6.065943717956543
    ],
    [
      8.825057983398438,
      7.611204147338867,
      7.046057224273682,
      6.758810997009277,
      6.576596736907959,
      6.489234447479248,
      6.473415851593018,
      6.3141326904296875,
      6.281857490539551,
      6.243973731994629,
      6.22468900680542,
      6.208920478820801,
      6.1666975021362305,
      6.135195255279541,
      6.08289909362793,
      6.073580265045166,
      6.065834045410156,
      6.049065589904785,
      6.027840614318848,
      6.008415222167969
    ],
    [
      8.203972816467285,
      7.58986234664917,
      6.958835124969482,
      6.688320636749268,
      6.560327529907227,
      6.4864091873168945,
      6.428097248077393,
      6.335955619812012,
      6.220080852508545,
      6.216203212738037,
      6.17851448059082,
      6.1126837730407715,
      6.088238716125488,
      6.055708885192871,
      6.05153751373291,
      6.031583786010742,
      6.001761436462402,
      5.991290092468262,
      5.977127552032471,
      5.961010932922363
    ],
    [
      9.209980964660645,
      7.330044269561768,
      7.014892101287842,
      6.7809672355651855,
      6.26946496963501,
      6.2112135887146,
      6.15773344039917,
      6.045945167541504,
      6.029111862182617,
      6.020980358123779,
      5.985105991363525,
      5.972567558288574,
      5.969635009765625,
      5.954399108886719,
      5.934001922607422,
      5.924119472503662,
      5.907888412475586,
      5.906548976898193,
      5.906268119812012,
      5.886728763580322
    ],
    [
      10.863121032714844,
      7.563715934753418,
      6.948785781860352,
      6.6320013999938965,
      6.47104549407959,
      6.4285430908203125,
      6.3990397453308105,
      6.345283031463623,
      6.281482696533203,
      6.27617883682251,
      6.2530717849731445,
      6.237449645996094,
      6.190324306488037,
      6.150640964508057,
      6.130772590637207,
      6.09821081161499,
      6.088080406188965,
      6.063308238983154,
      6.053035736083984,
      6.033187389373779
    ],
    [
      11.22658920288086,
      7.214819431304932,
      6.836361885070801,
      6.5060882568359375,
      6.405385494232178,
      6.354590892791748,
      6.343374252319336,
      6.308011054992676,
      6.256941795349121,
      6.2450079917907715,
      6.224071502685547,
      6.1892852783203125,
      6.16639518737793,
      6.146048069000244,
      6.132575988769531,
      6.118844509124756,
      6.106138706207275,
      6.095318794250488,
      6.0742268562316895,
      6.061444282531738
    ],
    [
      10.645381927490234,
      7.071120738983154,
      6.6090874671936035,
      6.43010139465332,
      6.428265571594238,
      6.362464427947998,
      6.3378682136535645,
      6.201315402984619,
      6.1861653327941895,
      6.154122352600098,
      6.1402997970581055,
      6.109646320343018,
      6.074859619140625,
      6.033860206604004,
      5.989270210266113,
      5.953482151031494,
      5.92988395690918,
      5.90574836730957,
      5.895045757293701,
      5.8891215324401855
    ],
    [
      10.128308296203613,
      8.178133010864258,
      6.797341346740723,
      6.675723552703857,
      6.437119483947754,
      6.4118852615356445,
      6.306230068206787,
      6.281985282897949,
      6.195340633392334,
      6.155663967132568,
      6.121862888336182,
      6.10890007019043,
      6.065901279449463,
      6.038608551025391,
      6.030786037445068,
