{
  "model": "mlx-community/Qwen2.5-1.5B-Instruct-bf16",
  "best_layer": 27,
  "cosine_scores": [
    2.0426955223083496,
    4.677852630615234,
    7.064653396606445,
    10.353188514709473,
    10.500701904296875,
    9.789482116699219,
    9.632691383361816,
    13.245086669921875,
    14.888803482055664,
    15.741058349609375,
    18.74541473388672,
    17.91864013671875,
    19.548856735229492,
    21.628028869628906,
    23.6256103515625,
    24.010522842407227,
    24.82573127746582,
    28.50619125366211,
    31.358905792236328,
    35.35676574707031,
    34.52387237548828,
    35.48727798461914,
    38.32754898071289,
    39.302547454833984,
    42.70123291015625,
    49.760887145996094,
    62.139381408691406,
    70.70374298095703
  ],
  "total_prompts": 300,
  "extraction_time_s": 20.0,
  "harmful_100": {
    "n_prompts": 100,
    "act_mean_sim": 0.9858494529919902,
    "act_median_sim": 0.9866197855340161,
    "act_min_sim": 0.9511190678621344,
    "act_max_sim": 0.9973404021220965,
    "act_std_sim": 0.005548164070008516,
    "act_near_duplicates": 4950,
    "proj_mean": -119.66418586730957,
    "proj_std": 12.736021612618034,
    "proj_min": -152.8450927734375,
    "proj_max": -79.38932800292969,
    "proj_range": 73.45576477050781,
    "proj_values": [
      -130.1893310546875,
      -104.61624145507812,
      -114.2139663696289,
      -104.71847534179688,
      -134.87969970703125,
      -112.81251525878906,
      -101.68035888671875,
      -129.31716918945312,
      -121.41129302978516,
      -130.80599975585938,
      -123.10546875,
      -136.0689697265625,
      -115.42758178710938,
      -107.90924072265625,
      -123.99302673339844,
      -126.84724426269531,
      -119.55989074707031,
      -123.56128692626953,
      -104.93883514404297,
      -134.44296264648438,
      -98.18330383300781,
      -115.32551574707031,
      -133.27911376953125,
      -141.25155639648438,
      -140.21148681640625,
      -145.09811401367188,
      -105.78126525878906,
      -134.22364807128906,
      -123.29595184326172,
      -109.62745666503906,
      -117.77018737792969,
      -132.91065979003906,
      -131.73159790039062,
      -121.31002044677734,
      -103.41258239746094,
      -122.94605255126953,
      -114.88218688964844,
      -97.46954345703125,
      -119.45088195800781,
      -137.72589111328125,
      -129.40737915039062,
      -107.80722045898438,
      -124.2640380859375,
      -114.74884033203125,
      -121.9676284790039,
      -116.06747436523438,
      -143.0557861328125,
      -117.3664779663086,
      -130.37271118164062,
      -121.35441589355469,
      -116.85099792480469,
      -119.49239349365234,
      -132.46136474609375,
      -122.99303436279297,
      -110.23780822753906,
      -129.50631713867188,
      -115.887939453125,
      -121.67430877685547,
      -120.72525024414062,
      -112.92494201660156,
      -109.08747100830078,
      -119.00871276855469,
      -114.36490631103516,
      -90.33009338378906,
      -79.38932800292969,
      -103.34464263916016,
      -106.53994750976562,
      -106.66087341308594,
      -102.52538299560547,
      -100.11074829101562,
      -103.07231903076172,
      -137.59811401367188,
      -122.88420104980469,
      -119.74946594238281,
      -106.244873046875,
      -123.83050537109375,
      -132.20327758789062,
      -111.27682495117188,
      -110.94927215576172,
      -124.17401123046875,
      -106.07908630371094,
      -136.45907592773438,
      -135.80630493164062,
      -116.79798889160156,
      -125.85047149658203,
      -118.33805847167969,
      -104.54329681396484,
      -130.21604919433594,
      -129.87496948242188,
      -119.97779846191406,
      -118.0257568359375,
      -135.28860473632812,
      -115.89397430419922,
      -122.74513244628906,
      -116.7572021484375,
      -135.2541046142578,
      -152.8450927734375,
      -107.32789611816406,
      -108.44552612304688,
      -130.99432373046875
    ],
    "category_proj_spread": 5.84778530119779
  },
  "harmless_100": {
    "n_prompts": 100,
    "act_mean_sim": 0.9847634573667657,
    "act_median_sim": 0.9857051506419654,
    "act_min_sim": 0.9470462901768275,
    "act_max_sim": 0.9985979339650208,
    "act_std_sim": 0.007836764835556094,
    "act_near_duplicates": 4945,
    "proj_mean": -153.4074892425537,
    "proj_std": 21.437269803810423,
    "proj_min": -185.5399627685547,
    "proj_max": -109.31039428710938,
    "proj_range": 76.22956848144531,
    "proj_values": [
      -167.6487579345703,
      -174.79603576660156,
      -172.8385772705078,
      -134.04879760742188,
      -139.91461181640625,
      -180.12442016601562,
      -149.8781280517578,
      -164.43753051757812,
      -119.72032165527344,
      -174.25308227539062,
      -132.0677490234375,
      -179.53126525878906,
      -174.74545288085938,
      -130.93104553222656,
      -178.99830627441406,
      -171.7638397216797,
      -123.28968048095703,
      -176.51377868652344,
      -147.28689575195312,
      -178.58944702148438,
      -141.05661010742188,
      -169.30384826660156,
      -150.12608337402344,
      -135.97463989257812,
      -157.38784790039062,
      -148.58450317382812,
      -147.8150177001953,
      -110.1042251586914,
      -155.34622192382812,
      -127.42689514160156,
      -109.31039428710938,
      -125.45368957519531,
      -140.38296508789062,
      -179.830810546875,
      -140.45596313476562,
      -124.15209197998047,
      -180.34234619140625,
      -133.49700927734375,
      -158.59182739257812,
      -133.430419921875,
      -123.2253189086914,
      -123.36371612548828,
      -179.41871643066406,
      -119.49655151367188,
      -158.02682495117188,
      -148.22119140625,
      -139.25257873535156,
      -182.875244140625,
      -140.3865966796875,
      -137.38638305664062,
      -173.61483764648438,
      -129.74179077148438,
      -174.50469970703125,
      -136.3516845703125,
      -118.16448211669922,
      -175.12307739257812,
      -135.60916137695312,
      -173.23805236816406,
      -160.92849731445312,
      -175.98971557617188,
      -151.93858337402344,
      -129.0783233642578,
      -137.82496643066406,
      -175.86740112304688,
      -118.19768524169922,
      -178.26580810546875,
      -135.3102264404297,
      -143.74417114257812,
      -181.76007080078125,
      -121.23497772216797,
      -155.79576110839844,
      -151.83311462402344,
      -181.83413696289062,
      -159.64889526367188,
      -127.36475372314453,
      -151.21702575683594,
      -135.85372924804688,
      -181.73141479492188,
      -150.93472290039062,
      -183.09487915039062,
      -180.4925537109375,
      -154.9709930419922,
      -138.0219268798828,
      -151.38571166992188,
      -181.4403076171875,
      -134.85621643066406,
      -172.4967803955078,
      -181.63067626953125,
      -135.76223754882812,
      -184.20278930664062,
      -136.95578002929688,
      -179.60916137695312,
      -148.51451110839844,
      -178.5495147705078,
      -147.11053466796875,
      -185.5399627685547,
      -145.24249267578125,
      -153.3111572265625,
      -176.00103759765625,
      -177.25367736816406
    ],
    "category_proj_spread": 7.339536876693849
  },
  "harmful_infix_100": {
    "n_prompts": 100,
    "act_mean_sim": 0.9888659755544194,
    "act_median_sim": 0.9897889750920641,
    "act_min_sim": 0.9620246725189554,
    "act_max_sim": 0.9970493210514936,
    "act_std_sim": 0.004501284338144019,
    "act_near_duplicates": 4950,
    "proj_mean": -124.95958137512207,
    "proj_std": 11.603720163169706,
    "proj_min": -147.67611694335938,
    "proj_max": -94.29280853271484,
    "proj_range": 53.38330841064453,